Typhoon Name,Year,Region,Province,City/Municipality,Families,Person,Brgy,Dead,Injured/Ill,Missing,Totally,Partially,Total,Quantity,Cost,Nearest_Station,Station_Province,Distance_km,PAR_START,PAR_END,Duration_in_PAR_Hours,Max_Sustained_Wind_kph,Typhoon_Type,Max_24hr_Rainfall_mm,Total_Storm_Rainfall_mm,Min_Pressure_hPa,Weather_Station_Mapped,Weather_Records_Found,Weather_Days_Covered
AGATON,2022,5,SORSOGON,JUBAN,0,0,0,0,0,0,0,0,0,0,0.0,JUBAN,SORSOGON,4.455329035,4/9/2022,4/12/2022,78.0,75,TS,138.0,199.6,1003.0,1,4,4
AGATON,2022,5,ALBAY,LEGAZPI CITY,0,0,0,0,0,0,0,0,0,0,0.0,LEGAZPI CITY,ALBAY,5.110872132,4/9/2022,4/12/2022,78.0,75,TS,84.2,172.4,1002.7,1,4,4
AGATON,2022,8,LEYTE,TACLOBAN CITY,1868,9139,13,0,0,0,0,0,0,0,0.0,TACLOBAN,LEYTE,6.127759298,4/9/2022,4/12/2022,78.0,75,TS,106.0,268.6,998.8,1,4,4
AMANG,2023,5,CAMARINES NORTE,DAET,2,8,1,0,0,0,0,0,0,0,0.0,DAET,CAMARINES NORTE,1.128639745,4/11/2023,4/13/2023,60.0,55,TD,140.0,154.61,1004.3,1,3,3
AMANG,2023,5,CAMARINES NORTE,TALISAY CITY,1,1,1,0,0,0,0,0,0,0,0.0,DAET,CAMARINES NORTE,3.753907,4/11/2023,4/13/2023,60.0,55,TD,140.0,154.61,1004.3,1,3,3
AMANG,2023,5,CAMARINES NORTE,MERCEDES,18,60,2,0,0,0,0,0,0,0,0.0,DAET,CAMARINES NORTE,8.858448504,4/11/2023,4/13/2023,60.0,55,TD,140.0,154.61,1004.3,1,3,3
AMBO,2020,5,CAMARINES NORTE,DAET,116,492,10,0,0,0,0,0,0,0,0.0,DAET,CAMARINES NORTE,1.128639745,5/10/2020,5/17/2020,198.0,155,TY,75.8,133.42,1004.7,1,8,8
AMBO,2020,3,AURORA,BALER,28,101,3,0,0,0,0,0,0,0,0.0,BALER,AURORA,3.066878411,5/10/2020,5/17/2020,198.0,155,TY,145.9,231.5,1004.8,1,8,8
AMBO,2020,5,CAMARINES NORTE,TALISAY CITY,42,168,4,0,0,0,0,0,0,0,0.0,DAET,CAMARINES NORTE,3.753907,5/10/2020,5/17/2020,198.0,155,TY,75.8,133.42,1004.7,1,8,8
BETTY,2023,2,BATANES,BASCO,3608,11120,6,0,0,0,0,0,0,3608,2646179.36,BASCO,BATANES,2.497503561,5/27/2023,6/1/2023,133.0,195,STY,25.6,39.0,977.1,1,6,6
BETTY,2023,3,AURORA,BALER,4,9,1,0,0,0,2,2,4,0,0.0,BALER,AURORA,3.066878411,5/27/2023,6/1/2023,133.0,195,STY,0.01,0.01,998.2,1,6,6
BETTY,2023,2,BATANES,ITBAYAT,968,3028,5,0,0,0,0,0,0,966,494592.0,ITBAYAT,BATANES,3.204942957,5/27/2023,6/1/2023,133.0,195,STY,20.3,32.71,1000.5,1,6,6
DANTE,2021,5,CAMARINES NORTE,DAET,0,0,0,0,0,0,0,0,0,0,0.0,DAET,CAMARINES NORTE,1.128639745,5/30/2021,6/5/2021,154.0,75,TS,22.1,23.1,1004.7,1,7,7
DANTE,2021,5,CAMARINES NORTE,TALISAY CITY,0,0,0,0,0,0,0,0,0,0,0.0,DAET,CAMARINES NORTE,3.753907,5/30/2021,6/5/2021,154.0,75,TS,22.1,23.1,1004.7,1,7,7
DANTE,2021,5,SORSOGON,JUBAN,102,342,6,0,0,0,0,0,0,0,0.0,JUBAN,SORSOGON,4.455329035,5/30/2021,6/5/2021,154.0,75,TS,38.8,40.6,1003.5,1,7,7
DODONG,2023,3,BATAAN,MORONG,4,11,1,0,0,0,0,0,0,0,0.0,SUBIC BAY,ZAMBALES,1.186245184,7/13/2023,7/15/2023,47.0,65,TS,124.5,273.9,1001.2,1,3,3
DODONG,2023,3,ZAMBALES,IBA,128,566,7,0,0,0,0,0,0,86,53830.92,IBA,ZAMBALES,9.748532873,7/13/2023,7/15/2023,47.0,65,TS,222.9,594.3,1000.4,1,3,3
DODONG,2023,3,ZAMBALES,SUBIC,38,148,2,0,0,0,0,0,0,0,0.0,SUBIC BAY,ZAMBALES,11.28006959,7/13/2023,7/15/2023,47.0,65,TS,124.5,273.9,1001.2,1,3,3
ESTER,2022,5,MASBATE,MOBO,495,2567,4,0,0,0,3,25,28,0,0.0,MASBATE,MASBATE,11.29564539,7/29/2022,7/31/2022,39.0,45,TD,10.0,17.41,1005.5,1,3,3
FABIAN,2021,3,ZAMBALES,SUBIC,97,385,6,0,0,0,0,0,0,0,0.0,SUBIC BAY,ZAMBALES,11.28006959,7/16/2021,7/23/2021,188.0,150,TY,152.0,634.7,1001.2,1,8,8
FABIAN,2021,3,ZAMBALES,PALAUIG,11,40,2,0,0,0,0,0,0,0,0.0,IBA,ZAMBALES,15.65438684,7/16/2021,7/23/2021,188.0,150,TY,213.6,770.5,1001.3,1,8,8
FABIAN,2021,3,ZAMBALES,CASTILLEJOS,18,58,1,0,0,0,0,0,0,0,7200.0,SUBIC BAY,ZAMBALES,17.41924246,7/16/2021,7/23/2021,188.0,150,TY,152.0,634.7,1001.2,1,8,8
FLORITA,2022,2,CAGAYAN,APARRI,102,355,10,0,0,0,0,0,0,0,0.0,APARRI,CAGAYAN,0.131954557,8/21/2022,8/24/2022,74.0,110,STS,50.4,99.31,991.1,1,4,4
FLORITA,2022,2,CAGAYAN,TUGUEGARAO CITY,622,2250,17,0,1,0,0,6,6,500,256000.0,TUGUEGARAO,CAGAYAN,3.617549461,8/21/2022,8/24/2022,74.0,110,STS,146.0,234.5,989.1,1,4,4
FLORITA,2022,2,CAGAYAN,ENRILE,1,6,1,0,1,0,0,2,2,0,0.0,TUGUEGARAO,CAGAYAN,6.91746225,8/21/2022,8/24/2022,74.0,110,STS,146.0,234.5,989.1,1,4,4
HENRY,2022,2,BATANES,BASCO,2,10,1,0,0,0,0,0,0,0,0.0,BASCO,BATANES,2.497503561,8/31/2022,9/4/2022,80.2,195,STY,85.4,139.6,994.2,1,5,5
HENRY,2022,3,ZAMBALES,SAN MARCELINO,3,13,1,0,0,0,0,0,0,0,0.0,SUBIC BAY,ZAMBALES,25.94837784,8/31/2022,9/4/2022,80.2,195,STY,141.8,271.6,1005.3,1,5,5
JENNY,2023,2,BATANES,BASCO,1,1,1,0,0,0,0,0,0,0,783.93,BASCO,BATANES,2.497503561,9/29/2023,10/6/2023,146.7,175,TY,134.0,224.2,998.9,1,8,8
JENNY,2023,2,BATANES,ITBAYAT,6,20,2,0,0,0,0,0,0,6,3072.0,ITBAYAT,BATANES,3.204942957,9/29/2023,10/6/2023,146.7,175,TY,273.0,355.8,1000.6,1,8,8
JENNY,2023,2,BATANES,SABTANG,0,139,4,0,0,0,0,0,0,66,51739.38,BASCO,BATANES,19.89123103,9/29/2023,10/6/2023,146.7,175,TY,134.0,224.2,998.9,1,8,8
JOLINA,2021,5,ALBAY,LEGAZPI CITY,215,760,1,0,0,0,0,0,0,0,0.0,LEGAZPI CITY,ALBAY,5.110872132,9/6/2021,9/9/2021,103.0,120,TY,49.3,108.0,1004.5,1,4,4
JOLINA,2021,5,ALBAY,DARAGA,20,71,1,0,0,0,0,0,0,0,0.0,LEGAZPI CITY,ALBAY,5.924450619,9/6/2021,9/9/2021,103.0,120,TY,49.3,108.0,1004.5,1,4,4
JOLINA,2021,8,EASTERN SAMAR,MERCEDES,1187,4748,1,0,4,0,9,241,250,0,0.0,GUIUAN,EASTERN SAMAR,6.80943955,9/6/2021,9/9/2021,103.0,120,TY,150.1,150.1,991.6,1,4,4
KABAYAN,2023,8,SOUTHERN LEYTE,PADRE BURGOS,17,59,2,0,0,0,0,0,0,0,0.0,MAASIN,SOUTHERN LEYTE,18.02056882,12/17/2023,12/18/2023,59.0,65,TS,98.8,139.4,1007.5,1,2,2
KABAYAN,2023,8,SOUTHERN LEYTE,BONTOC,13,42,2,0,0,0,0,0,0,0,0.0,MAASIN,SOUTHERN LEYTE,28.25479736,12/17/2023,12/18/2023,59.0,65,TS,98.8,139.4,1007.5,1,2,2
KABAYAN,2023,8,SOUTHERN LEYTE,SAN JUAN,57,231,2,0,0,0,0,0,0,0,0.0,MAASIN,SOUTHERN LEYTE,41.38282925,12/17/2023,12/18/2023,59.0,65,TS,98.8,139.4,1007.5,1,2,2
KARDING,2022,2,CAGAYAN,APARRI,278,1084,2,0,0,0,0,0,0,24,12048.0,APARRI,CAGAYAN,0.131954557,9/22/2022,9/26/2022,114.0,195,STY,25.0,57.0,1004.1,1,5,5
KARDING,2022,5,CAMARINES NORTE,DAET,4,17,3,0,0,0,0,0,0,0,0.0,DAET,CAMARINES NORTE,1.128639745,9/22/2022,9/26/2022,114.0,195,STY,72.3,98.8,999.5,1,5,5
KARDING,2022,3,BATAAN,MORONG,58,247,2,0,0,0,0,0,0,0,46400.0,SUBIC BAY,ZAMBALES,1.186245184,9/22/2022,9/26/2022,114.0,195,STY,255.8,312.0,999.5,1,5,5
KIKO,2021,2,CAGAYAN,APARRI,57,248,8,0,0,0,0,0,0,0,0.0,APARRI,CAGAYAN,0.131954557,9/7/2021,9/12/2021,116.0,215,STY,40.5,55.1,1000.9,1,6,6
KIKO,2021,2,BATANES,BASCO,3043,10656,6,0,0,0,171,1247,1418,5166,13757200.0,BASCO,BATANES,2.497503561,9/7/2021,9/12/2021,116.0,215,STY,420.7,604.9,927.9,1,6,6
KIKO,2021,2,BATANES,ITBAYAT,977,2985,5,0,0,0,11,174,185,977,488500.0,ITBAYAT,BATANES,3.204942957,9/7/2021,9/12/2021,116.0,215,STY,510.0,688.2,927.9,1,6,6
MARING,2021,2,CAGAYAN,APARRI,5915,20505,20,0,0,0,0,0,0,6835,12303536.0,APARRI,CAGAYAN,0.131954557,10/7/2021,10/12/2021,118.0,100,STS,138.4,227.31,981.4,1,6,6
MARING,2021,2,BATANES,BASCO,1,2,1,0,0,0,0,0,0,0,0.0,BASCO,BATANES,2.497503561,10/7/2021,10/12/2021,118.0,100,STS,81.4,152.1,986.0,1,6,6
MARING,2021,2,CAGAYAN,CALAYAN,1000,3235,9,0,0,0,0,0,0,1400,653952.0,CALAYAN,CAGAYAN,3.925675123,10/7/2021,10/12/2021,118.0,100,STS,133.4,218.2,980.7,1,6,6
MAYMAY,2022,2,CAGAYAN,APARRI,5297,21011,29,0,0,0,0,0,0,3784,2249962.0,APARRI,CAGAYAN,0.131954557,10/10/2022,10/12/2022,54.0,45,TD,132.9,280.7,1005.9,1,3,3
MAYMAY,2022,2,CAGAYAN,CAMALANIUGAN,465,1914,14,0,0,0,0,0,0,591,302592.0,APARRI,CAGAYAN,10.53998482,10/10/2022,10/12/2022,54.0,45,TD,132.9,280.7,1005.9,1,3,3
MAYMAY,2022,2,CAGAYAN,BALLESTEROS,393,1395,10,0,0,0,0,0,0,392,200704.0,APARRI,CAGAYAN,14.14369328,10/10/2022,10/12/2022,54.0,45,TD,132.9,280.7,1005.9,1,3,3
NENENG,2022,2,CAGAYAN,APARRI,15241,53283,36,0,0,0,0,0,0,11100,7197005.0,APARRI,CAGAYAN,0.131954557,10/13/2022,10/16/2022,78.2,120,TY,323.8,362.5,992.2,1,4,4
NENENG,2022,2,CAGAYAN,CALAYAN,1107,3450,12,0,0,0,47,0,47,55,28160.0,CALAYAN,CAGAYAN,3.925675123,10/13/2022,10/16/2022,78.2,120,TY,228.8,249.1,984.5,1,4,4
NENENG,2022,2,CAGAYAN,CAMALANIUGAN,1028,4061,21,0,0,0,0,0,0,2020,1517090.2,APARRI,CAGAYAN,10.53998482,10/13/2022,10/16/2022,78.2,120,TY,323.8,362.5,992.2,1,4,4
OBET,2022,2,CAGAYAN,APARRI,2202,7516,13,0,0,0,0,0,0,500,337500.0,APARRI,CAGAYAN,0.131954557,10/19/2022,10/22/2022,86.5,55,TD,106.0,202.8,1001.6,1,4,4
OBET,2022,2,CAGAYAN,CAMALANIUGAN,168,658,2,0,0,0,0,0,0,0,0.0,APARRI,CAGAYAN,10.53998482,10/19/2022,10/22/2022,86.5,55,TD,106.0,202.8,1001.6,1,4,4
OBET,2022,2,CAGAYAN,BALLESTEROS,4103,13219,18,0,0,0,0,0,0,0,0.0,APARRI,CAGAYAN,14.14369328,10/19/2022,10/22/2022,86.5,55,TD,106.0,202.8,1001.6,1,4,4
ODETTE,2021,8,SOUTHERN LEYTE,MAASIN,25442,121994,70,1,0,0,6588,14085,20673,10777,7655478.61,MAASIN,SOUTHERN LEYTE,6.036530822,12/14/2021,12/18/2021,91.0,195,STY,24.2,25.0,975.2,1,5,5
ODETTE,2021,8,LEYTE,TACLOBAN CITY,4345,19592,107,0,1,0,0,0,0,2866,1282725.0,TACLOBAN,LEYTE,6.127759298,12/14/2021,12/18/2021,91.0,195,STY,25.6,60.0,998.1,1,5,5
ODETTE,2021,8,EASTERN SAMAR,MERCEDES,1725,3648,1,0,0,0,0,0,0,1000,513090.0,GUIUAN,EASTERN SAMAR,6.80943955,12/14/2021,12/18/2021,91.0,195,STY,30.3,92.7,995.8,1,5,5
OFEL,2020,5,SORSOGON,CASIGURAN,14,59,1,0,0,0,0,0,0,0,0.0,JUBAN,SORSOGON,6.183404627,10/13/2020,10/16/2020,61.0,45,TD,106.0,134.0,1004.2,1,4,4
OFEL,2020,5,CAMARINES NORTE,LABO,29,145,2,0,0,0,0,0,0,0,0.0,DAET,CAMARINES NORTE,28.70957566,10/13/2020,10/16/2020,61.0,45,TD,97.4,193.4,1003.5,1,4,4
OFEL,2020,2,NUEVA VIZCAYA,ALFONSO CASTANEDA,0,1,1,0,0,0,0,0,0,0,0.0,BALER,AURORA,30.2489553,10/13/2020,10/16/2020,61.0,45,TD,131.3,205.61,1007.3,1,4,4
PAENG,2022,2,CAGAYAN,APARRI,3347,3347,15,0,0,0,0,0,0,1000,678000.0,APARRI,CAGAYAN,0.131954557,10/26/2022,10/31/2022,124.7,110,STS,75.6,120.4,999.8,1,6,6
PAENG,2022,5,CAMARINES NORTE,DAET,567,2393,23,0,4,0,33,283,316,0,0.0,DAET,CAMARINES NORTE,1.128639745,10/26/2022,10/31/2022,124.7,110,STS,105.6,267.0,989.5,1,6,6
PAENG,2022,3,BATAAN,MORONG,1000,2000,0,0,0,0,0,0,0,0,0.0,SUBIC BAY,ZAMBALES,1.186245184,10/26/2022,10/31/2022,124.7,110,STS,98.5,239.0,992.7,1,6,6
PEPITO,2020,3,AURORA,BALER,18,86,6,0,0,0,0,0,0,0,500.0,BALER,AURORA,3.066878411,10/19/2020,10/22/2020,80.0,120,TY,94.0,106.5,997.4,1,4,4
PEPITO,2020,2,CAGAYAN,TUGUEGARAO CITY,58,255,2,0,0,0,0,0,0,0,0.0,TUGUEGARAO,CAGAYAN,3.617549461,10/19/2020,10/22/2020,80.0,120,TY,31.1,40.91,1000.8,1,4,4
PEPITO,2020,3,NUEVA ECIJA,CABANATUAN CITY,6487,30887,20,0,0,0,0,0,0,0,212573.0,CABANATUAN,NUEVA ECIJA,6.522549334,10/19/2020,10/22/2020,80.0,120,TY,86.8,91.0,999.8,1,4,4
QUINTA,2020,5,CAMARINES NORTE,DAET,54,248,4,0,0,0,0,0,0,0,0.0,DAET,CAMARINES NORTE,1.128639745,10/23/2020,10/27/2020,71.0,150,TY,41.4,89.0,989.0,1,5,5
QUINTA,2020,2,CAGAYAN,TUGUEGARAO CITY,38,142,2,0,0,0,0,0,0,0,0.0,TUGUEGARAO,CAGAYAN,3.617549461,10/23/2020,10/27/2020,71.0,150,TY,102.1,122.6,1004.9,1,5,5
QUINTA,2020,5,CAMARINES NORTE,TALISAY CITY,55,266,11,0,1,0,0,0,0,0,0.0,DAET,CAMARINES NORTE,3.753907,10/23/2020,10/27/2020,71.0,150,TY,41.4,89.0,989.0,1,5,5
ROLLY,2020,5,CAMARINES NORTE,DAET,328,1524,18,0,0,0,0,0,0,0,174688.38,DAET,CAMARINES NORTE,1.128639745,10/29/2020,11/3/2020,122.0,225,STY,53.5,107.8,995.0,1,6,6
ROLLY,2020,3,BATAAN,MORONG,92,465,1,0,0,0,0,0,0,0,0.0,SUBIC BAY,ZAMBALES,1.186245184,10/29/2020,11/3/2020,122.0,225,STY,28.0,34.0,1001.2,1,6,6
ROLLY,2020,3,AURORA,BALER,235,1000,8,0,0,0,0,0,0,0,29282.0,BALER,AURORA,3.066878411,10/29/2020,11/3/2020,122.0,225,STY,52.6,72.11,1003.9,1,6,6
