typhoon_name,province,city_municipality,year,max_sustained_wind_kph,Actual,Predicted,Difference
AGATON,LEYTE,ABUYOG,2022,75,55,44.83,10.17
DANTE,LEYTE,CALUBIAN,2021,75,3,8.73,-5.73
ODETTE,EASTERN SAMAR,LAWAAN,2021,195,1,1.97,-0.97
ODETTE,SOUTHERN LEYTE,TOMAS OPPUS,2021,195,2,1.81,0.19
ODETTE,SOUTHERN LEYTE,SOGOD,2021,195,2,1.81,0.19
PAENG,BULACAN,SAN JOSE DEL MONTE,2022,110,1,0.0,1.0
PAENG,CAGAYAN,AMULUNG,2022,110,1,1.5,-0.5
PAENG,SORSOGON,SORSOGON CITY,2022,110,1,6.58,-5.58
QUINTA,CATANDUANES,GIGMOTO,2020,150,3,0.38,2.62
